<?xml version="1.0" encoding="utf-8" standalone="yes" ?>
<rss version="2.0" xmlns:atom="http://www.w3.org/2005/Atom">
  <channel>
    <title>Homes on Mehrdad Mahdavi</title>
    <link>http://www.cse.psu.edu/~mzm616/home/</link>
    <description>Recent content in Homes on Mehrdad Mahdavi</description>
    <generator>Hugo -- gohugo.io</generator>
    <language>en-us</language>
    <copyright>&amp;copy; 2017</copyright>
    <lastBuildDate>Wed, 20 Apr 2016 00:00:00 +0000</lastBuildDate>
    
	<atom:link href="http://www.cse.psu.edu/~mzm616/home/index.xml" rel="self" type="application/rss+xml" />
    
    
    <item>
      <title></title>
      <link>http://www.cse.psu.edu/~mzm616/home/about/</link>
      <pubDate>Wed, 20 Apr 2016 00:00:00 +0000</pubDate>
      
      <guid>http://www.cse.psu.edu/~mzm616/home/about/</guid>
      <description>I am cuurently an Assistant Professor at Department of Computer Science &amp;amp; Engineering of Pennsylvania State University. I run the Optimization and Machine Learning Lab, where we work on fundemantal problems in computational and theoretical machine learning.
Before joining PSU, I was a research assistant professor at Toyota Technological Institute, at University of Chicago. I obtained my Ph.D. under the supervision of Prof. Rong Jin from Michigan State University. I received my M.</description>
    </item>
    
    <item>
      <title>Selected Publications</title>
      <link>http://www.cse.psu.edu/~mzm616/home/publications_selected/</link>
      <pubDate>Wed, 20 Apr 2016 00:00:00 -0400</pubDate>
      
      <guid>http://www.cse.psu.edu/~mzm616/home/publications_selected/</guid>
      <description></description>
    </item>
    
    <item>
      <title>Teaching</title>
      <link>http://www.cse.psu.edu/~mzm616/home/teaching/</link>
      <pubDate>Wed, 20 Apr 2016 00:00:00 +0000</pubDate>
      
      <guid>http://www.cse.psu.edu/~mzm616/home/teaching/</guid>
      <description>Will come soon!</description>
    </item>
    
    <item>
      <title>Contact</title>
      <link>http://www.cse.psu.edu/~mzm616/home/contact/</link>
      <pubDate>Wed, 20 Apr 2016 00:00:00 +0000</pubDate>
      
      <guid>http://www.cse.psu.edu/~mzm616/home/contact/</guid>
      <description></description>
    </item>
    
  </channel>
</rss>